﻿Designator,Footprint,Quantity,Value,LCSC Part #
"C1, C2, C3",0402,3,2.2 uF <100 mΩ ESR,
"C10, C11, C12, C13, C14, C33, C48, C5, C50, C51, C52, C54, C55, C56, C57, C58, C60, C61, C62, C63, C64, C67, C68, C7, C8, C9",0402,26,100nF,
"C15, R15, R16, R17, R6",0402,5,R,
"C16, C17, C18, C19, C28, C29, C36, C37, C38",0402,9,4.7uF,
"C20, C21, C22, C23, C24, C25, C26, C27, C31, C32, C6",0402,11,1uF,
C30,0402,1,10nF,
"C34, C35, C69",0402,3,10uF,
"C39, C40, C46, C47",0402,4,C,
C4,0402,1,1uF 600mΩ,
D1,0402,1,POWER,
D2,0402,1,STATUS,
D3,D_SOD-323,1,1N4148WS,C2128
D4,0402,1,STATUS2,
"D5, D6",0402,2,D,
F1,0805,1,Polyfuse,
FB1,0805,1,120R,
"FB2, FB3, FB4, FB5",0603,4,1K @100MHz,
IC1,QFN-32-1EP_5x5mm_P0.5mm_EP3.6x3.6mm,1,NAU88C22YG,C914209
IC3,Alliance_TFBGA-54_8x8mm_Layout9x9_P0.8mm,1,IS42S16160J-6BLI,
J2,Hirose_DF40C-60DP-0.4V_2x30-1MP_P0.4mm,1,Top,
J3,Hirose_DF40C-60DP-0.4V_2x30-1MP_P0.4mm,1,Bottom,
Q1,TSOT-23,1,PMV37EN22,
"R1, R2",0402,2,4.7k,
"R10, R11, R12, R13, R14, R18, R5",0402,7,10k,
"R3, R4",0402,2,2k2,
R7,0402,1,220R,
R8,0402,1,10Ω 5% 0.25W,
R9,0402,1,33Ω 5% 0.5W,
U1,WSON-8-1EP_6x5mm_P1.27mm_EP3.4x4.3mm,1,W25Q128JVP,C190862
U2,SOIC-4_4.55x2.6mm_P1.27mm,1,LTV-217-G,C17407902
U4,TFBGA-265_14x14mm_Layout17x17_P0.8mm,1,STM32H750XBHx,
Y1,Crystal_SMD_Abracon_ABM10-4Pin_2.5x2.0mm,1,Crystal_GND24,
Y3,Crystal_SMD_3215-2Pin_3.2x1.5mm,1,Crystal,C32346
